record_type,date,source,scope_or_query,exact_query_preserved,candidates_screened,admitted,already_present,deferred_or_excluded,notes
protocol_reconstruction,2026-07-26,SciX Agent,"Benchmark validity, contamination, oracle strength, task realism, and benchmark overfitting.",false,,17,,,Scope reconstructed from the retained thread synthesis; individual machine-issued queries were not preserved as a publication-ready log.
protocol_reconstruction,2026-07-26,SciX Agent,"Agent failure taxonomies, trajectory diagnostics, attribution, fault injection, and specification gaming.",false,,17,,,Scope reconstructed from the retained thread synthesis; individual machine-issued queries were not preserved as a publication-ready log.
protocol_reconstruction,2026-07-26,SciX Agent,"Pass-at-k estimation, run-to-run variance, significance testing, sample efficiency, and leaderboard noise.",false,,17,,,Scope reconstructed from the retained thread synthesis; individual machine-issued queries were not preserved as a publication-ready log.
protocol_reconstruction,2026-07-26,SciX Agent,"Human oversight, meaningful control, automation bias, trust calibration, and accountability.",false,,17,,,Scope reconstructed from the retained thread synthesis; individual machine-issued queries were not preserved as a publication-ready log.
protocol_reconstruction,2026-07-26,SciX Agent,"Repository retrieval, code RAG, context management, code graphs, and long-context degradation.",false,,17,,,Scope reconstructed from the retained thread synthesis; individual machine-issued queries were not preserved as a publication-ready log.
protocol_reconstruction,2026-07-26,SciX Agent,"Durable workflows, event sourcing, replay, compensation, retry semantics, and checkpointing.",false,,17,,,Scope reconstructed from the retained thread synthesis; individual machine-issued queries were not preserved as a publication-ready log.
protocol_reconstruction,2026-07-26,SciX Agent,"Scheduling under uncertainty, repository scoping, graph localization, and allocation governance.",false,,16,,,Back-filled from the citation audit; no original search query is claimed.
retained_update_audit,2026-08-06,Code Intelligence Digest published editions,Distinct scholarly records in daily and daily-general editions dated 2026-07-27 through 2026-08-05,true,38,10,1,27,Deterministic publication-window extraction; record-level decisions appear in screening-decisions.csv.
targeted_release_check,2026-08-06,arXiv,arXiv:2608.04804,true,1,1,0,0,Admitted with its no-router ablation because the ablation changes the interpretation of the routing claim.
